threshold,Sensitivity,Specificity,J
0.0,1.0,0.0,0.0
0.01,1.0,0.10204081632653061,0.1020408163265305
0.02,1.0,0.16326530612244897,0.16326530612244894
0.03,1.0,0.1836734693877551,0.18367346938775508
0.04,0.975609756097561,0.2653061224489796,0.24091587854654062
0.05,0.975609756097561,0.2857142857142857,0.26132404181184654
0.06,0.975609756097561,0.32653061224489793,0.30214036834245883
0.07,0.975609756097561,0.3877551020408163,0.36336485813837727
0.08,0.975609756097561,0.42857142857142855,0.40418118466898956
0.09,0.975609756097561,0.42857142857142855,0.40418118466898956
0.1,0.975609756097561,0.5306122448979592,0.5062220009955203
0.11,0.975609756097561,0.5714285714285714,0.5470383275261324
0.12,0.975609756097561,0.5714285714285714,0.5470383275261324
0.13,0.975609756097561,0.6122448979591837,0.5878546540567446
0.14,0.975609756097561,0.6122448979591837,0.5878546540567446
0.15,0.975609756097561,0.6122448979591837,0.5878546540567446
0.16,0.9512195121951219,0.6122448979591837,0.5634644101543056
0.17,0.9512195121951219,0.6122448979591837,0.5634644101543056
0.18,0.926829268292683,0.6530612244897959,0.5798904927824788
0.19,0.9024390243902439,0.6938775510204082,0.5963165754106521
0.2,0.8536585365853658,0.7142857142857143,0.5679442508710801
0.21,0.7804878048780488,0.7346938775510204,0.5151816824290694
0.22,0.7560975609756098,0.7346938775510204,0.4907914385266303
0.23,0.7560975609756098,0.7346938775510204,0.4907914385266303
0.24,0.7560975609756098,0.7551020408163265,0.5111996017919362
0.25,0.7560975609756098,0.7551020408163265,0.5111996017919362
0.26,0.7560975609756098,0.7551020408163265,0.5111996017919362
0.27,0.7317073170731707,0.7551020408163265,0.4868093578894972
0.28,0.7317073170731707,0.7551020408163265,0.4868093578894972
0.29,0.7317073170731707,0.7755102040816326,0.5072175211548033
0.3,0.7317073170731707,0.7755102040816326,0.5072175211548033
0.31,0.7317073170731707,0.7755102040816326,0.5072175211548033
0.32,0.7317073170731707,0.7755102040816326,0.5072175211548033
0.33,0.7317073170731707,0.7755102040816326,0.5072175211548033
0.34,0.7317073170731707,0.7959183673469388,0.5276256844201095
0.35,0.7317073170731707,0.7959183673469388,0.5276256844201095
0.36,0.7317073170731707,0.7959183673469388,0.5276256844201095
0.37,0.7317073170731707,0.7959183673469388,0.5276256844201095
0.38,0.7317073170731707,0.7959183673469388,0.5276256844201095
0.39,0.7073170731707317,0.8163265306122449,0.5236436037829766
0.4,0.7073170731707317,0.8367346938775511,0.5440517670482827
0.41,0.7073170731707317,0.8367346938775511,0.5440517670482827
0.42,0.7073170731707317,0.8367346938775511,0.5440517670482827
0.43,0.7073170731707317,0.8367346938775511,0.5440517670482827
0.44,0.7073170731707317,0.8367346938775511,0.5440517670482827
0.45,0.7073170731707317,0.8367346938775511,0.5440517670482827
0.46,0.7073170731707317,0.8367346938775511,0.5440517670482827
0.47,0.7073170731707317,0.8367346938775511,0.5440517670482827
0.48,0.7073170731707317,0.8367346938775511,0.5440517670482827
0.49,0.7073170731707317,0.8367346938775511,0.5440517670482827
0.5,0.7073170731707317,0.8571428571428571,0.5644599303135887
0.51,0.7073170731707317,0.8571428571428571,0.5644599303135887
0.52,0.7073170731707317,0.8775510204081632,0.584868093578895
0.53,0.7073170731707317,0.8775510204081632,0.584868093578895
0.54,0.7073170731707317,0.8775510204081632,0.584868093578895
0.55,0.7073170731707317,0.8775510204081632,0.584868093578895
0.56,0.7073170731707317,0.8775510204081632,0.584868093578895
0.57,0.7073170731707317,0.8775510204081632,0.584868093578895
0.58,0.7073170731707317,0.8775510204081632,0.584868093578895
0.59,0.7073170731707317,0.8775510204081632,0.584868093578895
0.6,0.7073170731707317,0.8775510204081632,0.584868093578895
0.61,0.7073170731707317,0.8775510204081632,0.584868093578895
0.62,0.7073170731707317,0.8775510204081632,0.584868093578895
0.63,0.7073170731707317,0.8775510204081632,0.584868093578895
0.64,0.6829268292682927,0.8775510204081632,0.560477849676456
0.65,0.6829268292682927,0.8775510204081632,0.560477849676456
0.66,0.6829268292682927,0.9183673469387755,0.6012941762070683
0.67,0.6829268292682927,0.9183673469387755,0.6012941762070683
0.68,0.6585365853658537,0.9183673469387755,0.5769039323046292
0.69,0.6585365853658537,0.9183673469387755,0.5769039323046292
0.7,0.6585365853658537,0.9387755102040817,0.5973120955699354
0.71,0.6585365853658537,0.9387755102040817,0.5973120955699354
0.72,0.6341463414634146,0.9387755102040817,0.5729218516674963
0.73,0.6341463414634146,0.9387755102040817,0.5729218516674963
0.74,0.6097560975609756,0.9387755102040817,0.5485316077650573
0.75,0.6097560975609756,0.9387755102040817,0.5485316077650573
0.76,0.6097560975609756,0.9387755102040817,0.5485316077650573
0.77,0.6097560975609756,0.9591836734693877,0.5689397710303634
0.78,0.5853658536585366,0.9591836734693877,0.5445495271279244
0.79,0.5853658536585366,0.9591836734693877,0.5445495271279244
0.8,0.5365853658536586,0.9591836734693877,0.4957690393230463
0.81,0.5365853658536586,0.9591836734693877,0.4957690393230463
0.82,0.5121951219512195,0.9591836734693877,0.47137879542060723
0.83,0.4878048780487805,0.9591836734693877,0.4469885515181682
0.84,0.4878048780487805,0.9591836734693877,0.4469885515181682
0.85,0.4878048780487805,0.9591836734693877,0.4469885515181682
0.86,0.4878048780487805,0.9591836734693877,0.4469885515181682
0.87,0.4634146341463415,0.9591836734693877,0.42259830761572914
0.88,0.4146341463414634,0.9591836734693877,0.37381781981085105
0.89,0.3902439024390244,0.9591836734693877,0.349427575908412
0.9,0.3902439024390244,0.9591836734693877,0.349427575908412
0.91,0.36585365853658536,0.9591836734693877,0.32503733200597296
0.92,0.3170731707317073,0.9591836734693877,0.2762568442010951
0.93,0.2926829268292683,0.9795918367346939,0.2722747635639622
0.94,0.2926829268292683,0.9795918367346939,0.2722747635639622
0.95,0.2682926829268293,0.9795918367346939,0.24788451966152314
0.96,0.24390243902439024,0.9795918367346939,0.2234942757590841
0.97,0.24390243902439024,0.9795918367346939,0.2234942757590841
0.98,0.21951219512195122,0.9795918367346939,0.19910403185664505
0.99,0.17073170731707318,1.0,0.1707317073170731
1.0,0.0,1.0,0.0
