delay_through_s,delay_we_s,avg_q_A_NS,max_q_A_NS,avg_q_B_NS,max_q_B_NS,avg_q_A_WE,max_q_A_WE,avg_q_B_WE,max_q_B_WE,throughput_north_vph,avg_link_occupancy,blocking_frequency,preemption_count,recovery_time_s,served_A_NS,served_B_NS,served_A_WE,served_B_WE,served_WE_total,lambda_A_NS,lambda_B_NS,lambda_A_WE,lambda_B_WE,lambda_WE_total,util_A_NS,util_B_NS,util_A_WE,util_B_WE,rho_A_NS,rho_B_NS,rho_A_WE,rho_B_WE,scenario,replication
98.3544600570258,22.572953847069883,19.722817404823708,71.0,4.488613756678561,21.0,2.345835979473222,13.0,2.570651720099787,14.0,493.7142857142857,4.395858010623186,0.0,0.0,0.0,1593,1129,685,687,1372,0.25285714285714284,0.1792063492063492,0.10873015873015873,0.10904761904761905,0.21777777777777776,0.5038772641773261,0.34945136211723093,0.1991847046185989,0.22091164870054536,0.5057142857142857,0.3584126984126984,0.21746031746031746,0.2180952380952381,Uncoordinated_NoEmergency,1
109.03065185599903,22.363566649289847,22.195596311656978,60.0,4.2651014233636735,17.0,2.188900586770318,13.0,2.827606165951585,15.0,498.2857142857143,4.315168924842076,0.0,0.0,0.0,1584,1117,668,744,1412,0.25142857142857145,0.1773015873015873,0.10603174603174603,0.1180952380952381,0.22412698412698412,0.5065589431061763,0.34887385069474847,0.20998996666968495,0.2335295949762204,0.5028571428571429,0.3546031746031746,0.21206349206349207,0.2361904761904762,Uncoordinated_NoEmergency,2
230.31983680741874,20.90624866016876,53.052140129100856,125.0,4.721977124932448,22.0,2.340164795091387,11.0,2.199406293204615,12.0,488.0,4.238658395958299,0.0,0.0,0.0,1589,1097,696,669,1365,0.25222222222222224,0.17412698412698413,0.11047619047619048,0.1061904761904762,0.21666666666666667,0.5155560388196077,0.3536929252255464,0.2269803039971791,0.21579260586370316,0.5044444444444445,0.34825396825396826,0.22095238095238096,0.2123809523809524,Uncoordinated_NoEmergency,3
105.46127499930074,21.94863912878145,20.379628905573693,47.0,4.704870381526732,20.0,2.4249743306229528,14.0,2.480821381412452,13.0,525.7142857142857,4.5488075495719125,0.0,0.0,0.0,1635,1173,701,707,1408,0.25952380952380955,0.18619047619047618,0.11126984126984127,0.11222222222222222,0.2234920634920635,0.4952190504457526,0.36631707583014983,0.2252959225918265,0.22381968136509584,0.5190476190476191,0.37238095238095237,0.22253968253968254,0.22444444444444445,Uncoordinated_NoEmergency,4
79.00625645900071,22.8339033997659,14.288297403189384,49.0,4.684703508635076,18.0,2.372184471612362,12.0,2.680880033535507,11.0,510.85714285714283,4.470579531216368,0.0,0.0,0.0,1617,1142,681,709,1390,0.25666666666666665,0.18126984126984128,0.10809523809523809,0.11253968253968254,0.22063492063492063,0.48666801474144955,0.35684928880905153,0.22732553421498652,0.24532812132453335,0.5133333333333333,0.36253968253968255,0.21619047619047618,0.22507936507936507,Uncoordinated_NoEmergency,5
173.02487151300815,22.02637370717295,36.98606057141226,72.0,4.841316534361994,19.0,2.512126032902395,11.0,2.5060554621344795,14.0,486.85714285714283,4.305143883781295,0.0,0.0,0.0,1588,1109,706,728,1434,0.25206349206349205,0.17603174603174604,0.11206349206349206,0.11555555555555555,0.2276190476190476,0.5226414371365624,0.36842859531388406,0.2351661426510586,0.2368441817290073,0.5041269841269841,0.3520634920634921,0.22412698412698412,0.2311111111111111,Uncoordinated_NoEmergency,6
162.80874781171335,20.6958954693609,33.08801279558201,63.0,5.235950160842237,19.0,2.3366797590556083,13.0,2.1572861142913293,12.0,492.0,4.413846390698935,0.0,0.0,0.0,1582,1130,693,675,1368,0.2511111111111111,0.17936507936507937,0.11,0.10714285714285714,0.21714285714285714,0.5173447463414984,0.36051167766365416,0.22588501013287654,0.2115570746101049,0.5022222222222222,0.35873015873015873,0.22,0.21428571428571427,Uncoordinated_NoEmergency,7
131.07601526145675,21.475972590029347,28.25762876072667,72.0,4.409534986625811,18.0,2.3886547005673013,11.0,2.31648772870079,12.0,484.57142857142856,4.277596827641583,0.0,0.0,0.0,1579,1099,706,674,1380,0.25063492063492065,0.17444444444444446,0.11206349206349206,0.10698412698412699,0.21904761904761905,0.5060636460677843,0.34450212617807047,0.2245541678507936,0.21340574344255633,0.5012698412698413,0.3488888888888889,0.22412698412698412,0.21396825396825397,Uncoordinated_NoEmergency,8
145.8724613551933,21.22364277577975,30.946582381418317,59.0,4.7517931020748385,19.0,2.3927697309362075,12.0,2.2505899336953994,13.0,508.57142857142856,4.409489502021241,0.0,0.0,0.0,1604,1139,683,685,1368,0.2546031746031746,0.18079365079365078,0.10841269841269842,0.10873015873015873,0.21714285714285714,0.5191210824534522,0.3617877671711947,0.2128416905812864,0.20688057482656472,0.5092063492063492,0.36158730158730157,0.21682539682539684,0.21746031746031746,Uncoordinated_NoEmergency,9
166.74390480352935,21.517375790800987,35.12138436451748,71.0,4.848145983176192,20.0,2.3742423633290777,13.0,2.390372948708638,11.0,501.14285714285717,4.333461179026454,0.0,0.0,0.0,1612,1118,699,694,1393,0.25587301587301586,0.17746031746031746,0.11095238095238096,0.11015873015873016,0.22111111111111112,0.5169042046648503,0.36496977303595945,0.22791208535093818,0.20083777336623276,0.5117460317460317,0.3549206349206349,0.2219047619047619,0.22031746031746033,Uncoordinated_NoEmergency,10
88.85717514710198,22.138569823513293,15.97370846595469,46.0,3.985737081654064,15.0,2.6973144499255395,13.0,2.335864515837968,12.0,468.0,4.076736701536158,0.0,0.0,0.0,1520,1064,758,674,1432,0.24126984126984127,0.1688888888888889,0.12031746031746032,0.10698412698412699,0.2273015873015873,0.49445508948888983,0.33695563896604747,0.22670616139734814,0.21044700249440196,0.48253968253968255,0.3377777777777778,0.24063492063492065,0.21396825396825397,Uncoordinated_NoEmergency,11
133.5362211217421,22.75191400789612,27.069907076145515,56.0,4.986420163072987,18.0,2.3104286262356877,11.0,2.7587433285469762,11.0,506.85714285714283,4.30872937855985,0.0,0.0,0.0,1604,1116,709,694,1403,0.2546031746031746,0.17714285714285713,0.11253968253968254,0.11015873015873016,0.2226984126984127,0.5259296808529051,0.36854566009770917,0.2402575686786743,0.22678023113792037,0.5092063492063492,0.35428571428571426,0.22507936507936507,0.22031746031746033,Uncoordinated_NoEmergency,12
94.2073060336727,20.850352965756986,16.158390439368603,45.0,5.486729276869466,27.0,2.1992828591787696,11.0,2.4863149144749586,13.0,505.14285714285717,4.462403042385388,0.0,0.0,0.0,1596,1140,707,704,1411,0.25333333333333335,0.18095238095238095,0.11222222222222222,0.11174603174603175,0.22396825396825396,0.4950261751322373,0.3767119541203798,0.2248488917445564,0.21100919615611105,0.5066666666666667,0.3619047619047619,0.22444444444444445,0.2234920634920635,Uncoordinated_NoEmergency,13
116.77165038448814,20.458428871275213,22.90087075044418,71.0,4.536531695977633,17.0,2.4278800739244057,13.0,2.2814948895845366,12.0,495.42857142857144,4.223711200377677,0.0,0.0,0.0,1542,1095,750,700,1450,0.24476190476190476,0.1738095238095238,0.11904761904761904,0.1111111111111111,0.23015873015873015,0.4942525027029663,0.35616040374898467,0.23528637464237215,0.22333865971951541,0.4895238095238095,0.3476190476190476,0.23809523809523808,0.2222222222222222,Uncoordinated_NoEmergency,14
87.4932648091368,22.334641482821507,15.815269245116744,49.0,4.677544377492784,19.0,3.016249805074601,17.0,2.238396130572357,11.0,497.14285714285717,4.3483279868172975,0.0,0.0,0.0,1567,1123,782,699,1481,0.24873015873015872,0.17825396825396825,0.12412698412698413,0.11095238095238096,0.23507936507936508,0.49383082189878713,0.3617806226728764,0.25200898926104687,0.21385387378477938,0.49746031746031744,0.3565079365079365,0.24825396825396825,0.2219047619047619,Uncoordinated_NoEmergency,15
63.00134600575223,21.159504020196973,9.614168471456585,34.0,3.6207887740946516,18.0,2.071101958216381,11.0,2.5317416239190074,14.0,469.7142857142857,3.8960748909430785,0.0,0.0,0.0,1476,1030,677,692,1369,0.2342857142857143,0.1634920634920635,0.10746031746031746,0.10984126984126984,0.2173015873015873,0.4615824307246531,0.32498585157913373,0.22019000901703228,0.22805120517626748,0.4685714285714286,0.326984126984127,0.21492063492063493,0.21968253968253967,Uncoordinated_NoEmergency,16
77.72893836043964,21.604994061384115,12.884867294639186,43.0,4.0916982104969595,18.0,2.51395679857722,14.0,2.281418124297354,12.0,484.57142857142856,4.251562409021899,0.0,0.0,0.0,1488,1093,705,692,1397,0.2361904761904762,0.1734920634920635,0.11190476190476191,0.10984126984126984,0.22174603174603175,0.4936220874187759,0.32603968645357606,0.2218191291754266,0.22039303288410367,0.4723809523809524,0.346984126984127,0.22380952380952382,0.21968253968253967,Uncoordinated_NoEmergency,17
94.95077189271045,20.78403310650721,16.31049421805477,55.0,4.820076612827081,17.0,2.3048113939975536,12.0,2.4033484199896056,13.0,486.85714285714283,4.200785287763176,0.0,0.0,0.0,1543,1081,723,700,1423,0.24492063492063493,0.1715873015873016,0.11476190476190476,0.1111111111111111,0.22587301587301586,0.5024969906571715,0.36494068525034185,0.2228720010335124,0.20434659085999166,0.48984126984126986,0.3431746031746032,0.22952380952380952,0.2222222222222222,Uncoordinated_NoEmergency,18
88.37839916602609,23.415470849221037,15.856888069293118,60.0,4.483292517236336,17.0,2.570887491873118,17.0,2.774712800293586,17.0,488.0,4.243339584950728,0.0,0.0,0.0,1546,1101,681,756,1437,0.2453968253968254,0.17476190476190476,0.10809523809523809,0.12,0.2280952380952381,0.49635160754541097,0.3371200360749639,0.23135451409784533,0.22789001563344355,0.4907936507936508,0.3495238095238095,0.21619047619047618,0.24,Uncoordinated_NoEmergency,19
189.61406261617987,21.65293929274725,40.27360322134303,94.0,4.65916133325074,19.0,2.280560328970724,10.0,2.4300542634348963,14.0,486.85714285714283,4.247872616059501,0.0,0.0,0.0,1588,1097,673,695,1368,0.25206349206349205,0.17412698412698413,0.10682539682539682,0.11031746031746031,0.21714285714285714,0.5095180149210202,0.35170263775918736,0.21920924198800568,0.21886555069020353,0.5041269841269841,0.34825396825396826,0.21365079365079365,0.22063492063492063,Uncoordinated_NoEmergency,20
125.70648496109149,21.543071089587773,31.03714165394159,94.0,2.4784703377538326,14.0,2.5392995383902703,12.0,2.379813660392131,16.0,506.85714285714283,4.232877150757945,0.0,0.0,0.0,1586,1094,756,680,1436,0.2517460317460318,0.17365079365079364,0.12,0.10793650793650794,0.22793650793650794,0.5085556215387648,0.34479124326436733,0.2420932039618354,0.22308009137010731,0.5034920634920635,0.3473015873015873,0.24,0.21587301587301588,Coordinated_NoEmergency,1
78.55437538735724,21.520361576918162,17.37422491432755,42.0,2.0849108989720166,13.0,2.438722656857156,14.0,2.500712714606918,11.0,537.1428571428571,4.475347406191386,0.0,0.0,0.0,1618,1154,730,716,1446,0.25682539682539685,0.18317460317460318,0.11587301587301588,0.11365079365079366,0.22952380952380952,0.5171842675296101,0.3541904171094109,0.22181700456425169,0.2375113727647322,0.5136507936507937,0.36634920634920637,0.23174603174603176,0.2273015873015873,Coordinated_NoEmergency,2
146.34479852001016,22.314735553451257,33.748530398335994,70.0,1.9686801487682308,12.0,2.390935831991437,13.0,2.741197204633056,16.0,470.85714285714283,4.173468836885006,0.0,0.0,0.0,1563,1075,703,750,1453,0.2480952380952381,0.17063492063492064,0.11158730158730158,0.11904761904761904,0.23063492063492064,0.5120884880326357,0.34755365405093847,0.2139945731115668,0.24170882188413453,0.4961904761904762,0.3412698412698413,0.22317460317460316,0.23809523809523808,Coordinated_NoEmergency,3
131.6112818328282,19.881780429129602,28.221738532369827,60.0,2.5419665642466454,17.0,1.973635627337226,11.0,2.3734196250521693,13.0,481.14285714285717,4.178475219090812,0.0,0.0,0.0,1563,1085,655,721,1376,0.2480952380952381,0.17222222222222222,0.10396825396825397,0.11444444444444445,0.21841269841269842,0.5106678075939548,0.3531123296736029,0.20900739170780627,0.21812411006327703,0.4961904761904762,0.34444444444444444,0.20793650793650795,0.2288888888888889,Coordinated_NoEmergency,4
119.82244379223432,22.075033219812365,28.10974183735338,62.0,2.637906681647873,16.0,2.4267946122813924,18.0,2.2825458079452448,11.0,508.0,4.372786012807721,0.0,0.0,0.0,1615,1121,689,655,1344,0.2563492063492063,0.17793650793650795,0.10936507936507936,0.10396825396825397,0.21333333333333335,0.5184565544107788,0.36117020886587764,0.23397557026724794,0.2079211213419092,0.5126984126984127,0.3558730158730159,0.21873015873015872,0.20793650793650795,Coordinated_NoEmergency,5
125.2658136697567,21.574685281198757,28.26845026071431,81.0,2.357980161302647,14.0,2.363419555327863,14.0,2.3429537356080417,11.0,473.7142857142857,4.266747327509794,0.0,0.0,0.0,1577,1103,693,679,1372,0.2503174603174603,0.17507936507936508,0.11,0.10777777777777778,0.21777777777777776,0.5087775869276552,0.37177327417511474,0.2215221238572695,0.2212563295542788,0.5006349206349207,0.35015873015873017,0.22,0.21555555555555556,Coordinated_NoEmergency,6
90.4231086560828,21.27385630418184,19.299668690115787,48.0,2.5251889942059846,17.0,2.216488931997366,11.0,2.37813010005364,11.0,507.42857142857144,4.337821199019319,0.0,0.0,0.0,1586,1120,663,698,1361,0.2517460317460318,0.17777777777777778,0.10523809523809524,0.11079365079365079,0.21603174603174602,0.5104748093386395,0.35917986696532456,0.2087782551321377,0.21634842476088573,0.5034920634920635,0.35555555555555557,0.21047619047619048,0.22158730158730158,Coordinated_NoEmergency,7
97.54090102811514,22.35197632716784,21.43810495644828,56.0,1.7070245198844298,9.0,2.7576670191853294,13.0,2.2211834591867983,12.0,494.2857142857143,4.174913651008104,0.0,0.0,0.0,1570,1085,735,668,1403,0.2492063492063492,0.17222222222222222,0.11666666666666667,0.10603174603174603,0.2226984126984127,0.5093983679741986,0.32708731820866294,0.24670363851183716,0.1987428872346152,0.4984126984126984,0.34444444444444444,0.23333333333333334,0.21206349206349207,Coordinated_NoEmergency,8
120.89255707534754,21.012967709371182,26.71485650725777,62.0,1.9975996121833386,14.0,2.47800222551096,12.0,2.37828421698396,11.0,482.85714285714283,4.137902647388044,0.0,0.0,0.0,1548,1079,725,727,1452,0.24571428571428572,0.17126984126984127,0.11507936507936507,0.1153968253968254,0.23047619047619047,0.4990800121135433,0.33051715317978836,0.2260838825820764,0.23326665710194458,0.49142857142857144,0.34253968253968253,0.23015873015873015,0.2307936507936508,Coordinated_NoEmergency,9
99.33324338902598,20.13469181425974,22.57914112122553,51.0,1.905590623836297,10.0,1.9850028328059541,11.0,2.4160698098812654,17.0,499.42857142857144,4.245019516128439,0.0,0.0,0.0,1610,1103,662,715,1377,0.25555555555555554,0.17507936507936508,0.10507936507936508,0.11349206349206349,0.21857142857142858,0.5197203995625979,0.33365151012794075,0.20239056789924967,0.21924283119496615,0.5111111111111111,0.35015873015873017,0.21015873015873016,0.22698412698412698,Coordinated_NoEmergency,10
118.60712311268907,21.777745260916525,28.216227827004715,72.0,2.5810880601979727,19.0,2.6081107197647255,13.0,2.4025962256235958,10.0,492.0,4.276899852950301,0.0,0.0,0.0,1587,1110,739,710,1449,0.2519047619047619,0.1761904761904762,0.1173015873015873,0.1126984126984127,0.23,0.5036939445981207,0.3507968063253849,0.2306401676557964,0.22238467515932314,0.5038095238095238,0.3523809523809524,0.2346031746031746,0.2253968253968254,Coordinated_NoEmergency,11
72.87517741650181,20.821613863100975,15.5069476936646,37.0,2.13350703043548,15.0,2.4458934409376547,14.0,2.0996741517667346,13.0,514.8571428571429,4.3295823946870575,0.0,0.0,0.0,1587,1116,703,671,1374,0.2519047619047619,0.17714285714285713,0.11158730158730158,0.10650793650793651,0.2180952380952381,0.5079734907847829,0.3599496488247419,0.22805840384573386,0.21892336325130826,0.5038095238095238,0.35428571428571426,0.22317460317460316,0.21301587301587302,Coordinated_NoEmergency,12
95.3558556723648,20.611321842845342,20.917350495478374,56.0,2.270552086681573,17.0,2.2146932317067423,11.0,2.467021301168124,12.0,495.42857142857144,4.325613042786495,0.0,0.0,0.0,1611,1118,699,732,1431,0.2557142857142857,0.17746031746031746,0.11095238095238096,0.11619047619047619,0.22714285714285715,0.5088810952478159,0.3487066484109792,0.21245805476546561,0.22608316391706235,0.5114285714285715,0.3549206349206349,0.2219047619047619,0.23238095238095238,Coordinated_NoEmergency,13
57.91629977332652,22.01012870915032,11.19766056605773,40.0,1.8866262608444455,11.0,2.4652666376613244,12.0,2.441270859501468,13.0,496.0,4.1278970424286925,0.0,0.0,0.0,1529,1075,696,707,1403,0.2426984126984127,0.17063492063492064,0.11047619047619048,0.11222222222222222,0.2226984126984127,0.4897232775852403,0.3252534053890284,0.2090733145031519,0.21801698140847678,0.4853968253968254,0.3412698412698413,0.22095238095238096,0.22444444444444445,Coordinated_NoEmergency,14
73.23244018198598,21.573213215227913,15.297862936095397,49.0,2.085945735861916,11.0,2.614627758609174,12.0,2.265027611501902,13.0,526.2857142857143,4.494743028649758,0.0,0.0,0.0,1602,1146,721,704,1425,0.2542857142857143,0.1819047619047619,0.11444444444444445,0.11174603174603175,0.2261904761904762,0.477214452728163,0.35735190439715314,0.23493801634272915,0.22311589730218404,0.5085714285714286,0.3638095238095238,0.2288888888888889,0.2234920634920635,Coordinated_NoEmergency,15
84.2812094886147,21.274955943234023,18.127044908461485,61.0,1.9005597761665018,15.0,2.2021397093172035,13.0,2.4764513892188225,12.0,482.2857142857143,4.269340901653469,0.0,0.0,0.0,1573,1112,674,710,1384,0.24968253968253967,0.1765079365079365,0.10698412698412699,0.1126984126984127,0.21968253968253967,0.4890318245672132,0.3481394934548044,0.2150138663687096,0.2283365685064468,0.49936507936507935,0.353015873015873,0.21396825396825397,0.2253968253968254,Coordinated_NoEmergency,16
65.3238944548968,23.169173287518323,13.339323925821668,43.0,1.7558768891349217,13.0,2.5551974257422763,18.0,2.418435630762447,19.0,472.0,4.018077631066448,0.0,0.0,0.0,1507,1047,672,680,1352,0.2392063492063492,0.1661904761904762,0.10666666666666667,0.10793650793650794,0.2146031746031746,0.4798114439076783,0.3188589156078095,0.21579607069526638,0.2214490963904747,0.4784126984126984,0.3323809523809524,0.21333333333333335,0.21587301587301588,Coordinated_NoEmergency,17
50.381418816033346,22.489415229297713,9.897487801957912,34.0,1.6800981461191928,8.0,2.55988832442385,16.0,2.6272373651695986,12.0,466.85714285714283,4.02474903417536,0.0,0.0,0.0,1536,1048,742,711,1453,0.2438095238095238,0.16634920634920636,0.11777777777777777,0.11285714285714285,0.23063492063492064,0.4695468969919385,0.3305735266804761,0.23819566206141715,0.2260390037555573,0.4876190476190476,0.3326984126984127,0.23555555555555555,0.2257142857142857,Coordinated_NoEmergency,18
101.72600876839341,20.145960617047425,22.301843493520693,59.0,2.124615324651143,14.0,2.1924455899304545,10.0,2.2890291867028405,14.0,511.42857142857144,4.326577202630727,0.0,0.0,0.0,1578,1121,661,739,1400,0.25047619047619046,0.17793650793650795,0.10492063492063491,0.1173015873015873,0.2222222222222222,0.504885707153606,0.3467951388964631,0.20440317937365401,0.22267352549023037,0.5009523809523809,0.3558730158730159,0.20984126984126983,0.2346031746031746,Coordinated_NoEmergency,19
70.20645139699245,21.726214348670858,14.128317672929397,55.0,2.110998559633532,16.0,2.5377961219102705,18.0,2.301477894357649,11.0,500.0,4.239559862674312,0.0,0.0,0.0,1549,1102,721,681,1402,0.24587301587301588,0.17492063492063492,0.11444444444444445,0.10809523809523809,0.22253968253968254,0.5039193613330326,0.34371442235194066,0.23355494666037008,0.23103788715569715,0.49174603174603176,0.34984126984126984,0.2288888888888889,0.21619047619047618,Coordinated_NoEmergency,20
50.849982944134936,21.72902907814028,8.143341827199592,29.0,3.241904668217432,16.0,2.5026904450188354,13.0,2.1994343394955407,18.0,477.14285714285717,4.111012028637806,0.0,40.0,12.998727811505898,1563,1082,685,676,1361,0.2480952380952381,0.17174603174603176,0.10873015873015873,0.1073015873015873,0.21603174603174602,0.4993973521252495,0.33929038743388756,0.2236473669126912,0.20848074769931738,0.4961904761904762,0.3434920634920635,0.21746031746031746,0.2146031746031746,Coordinated_WithEmergency,1
103.09683122769013,22.626017509767717,19.971384893472568,52.0,3.8013352975346204,23.0,2.8180868040421942,15.0,2.420611835193742,11.0,489.14285714285717,4.174499638138595,0.0,47.0,15.413892339252854,1579,1095,772,683,1455,0.25063492063492065,0.1738095238095238,0.12253968253968255,0.10841269841269842,0.23095238095238096,0.5144003477464093,0.3294872757019336,0.23460424206712166,0.21543697726508934,0.5012698412698413,0.3476190476190476,0.2450793650793651,0.21682539682539684,Coordinated_WithEmergency,2
79.82105028618952,22.661759374307504,17.027037058787776,50.0,2.515785084321029,20.0,2.7537007036277954,16.0,2.376755011610302,12.0,496.0,4.238035281693286,0.0,47.0,18.098044713479037,1584,1107,734,692,1426,0.25142857142857145,0.1757142857142857,0.1165079365079365,0.10984126984126984,0.22634920634920636,0.5165081357850692,0.3580336547977344,0.21674006392350448,0.21674503852524124,0.5028571428571429,0.3514285714285714,0.233015873015873,0.21968253968253967,Coordinated_WithEmergency,3
82.41250185810478,22.347437986994077,15.919956824646691,39.0,3.823869830990289,18.0,2.5262340839793,15.0,2.41781059855698,13.0,540.5714285714286,4.511378227216322,0.0,50.0,15.97221458337559,1652,1172,706,690,1396,0.26222222222222225,0.18603174603174602,0.11206349206349206,0.10952380952380952,0.22158730158730158,0.5309950869984718,0.3728156733453638,0.22117176013960957,0.21011541863548264,0.5244444444444445,0.37206349206349204,0.22412698412698412,0.21904761904761905,Coordinated_WithEmergency,4
38.63789244261013,21.87074075463459,5.873792585345688,28.0,2.246346621604904,15.0,2.5096682603215297,15.0,2.4684630568431216,13.0,445.14285714285717,3.8881035670142974,0.0,62.0,16.601100182478575,1489,1034,710,722,1432,0.23634920634920634,0.16412698412698412,0.1126984126984127,0.11460317460317461,0.2273015873015873,0.45366746239430117,0.33026807476508585,0.22320390251809177,0.21675253077493442,0.4726984126984127,0.32825396825396824,0.2253968253968254,0.22920634920634922,Coordinated_WithEmergency,5
123.44767910313877,22.77410342948679,25.672614847713824,69.0,3.5136894912719603,18.0,2.5418206737575906,12.0,2.5936130673567033,12.0,496.0,4.1563073867290505,0.0,45.0,17.237715163754505,1580,1079,709,714,1423,0.2507936507936508,0.17126984126984127,0.11253968253968254,0.11333333333333333,0.22587301587301586,0.5176799985391554,0.33017691969573826,0.22287176831955494,0.2363252911416294,0.5015873015873016,0.34253968253968253,0.22507936507936507,0.22666666666666666,Coordinated_WithEmergency,6
77.52802389816647,23.186342666207985,15.35051677788894,40.0,3.3935525228420547,21.0,2.5457938056161225,12.0,2.6336835576484,13.0,511.42857142857144,4.309443888109599,0.0,65.0,14.838535484544508,1634,1117,692,705,1397,0.25936507936507935,0.1773015873015873,0.10984126984126984,0.11190476190476191,0.22174603174603175,0.5170246087921474,0.33881370325737914,0.2246803369141694,0.22905559347677887,0.5187301587301587,0.3546031746031746,0.21968253968253967,0.22380952380952382,Coordinated_WithEmergency,7
83.94195737479467,22.571368806680216,17.087842554438698,52.0,2.824785921974359,18.0,2.2189047937208843,13.0,2.5225473407834613,12.0,523.4285714285714,4.480649259404166,0.0,53.0,14.493271333703976,1621,1151,636,686,1322,0.2573015873015873,0.1826984126984127,0.10095238095238095,0.10888888888888888,0.20984126984126983,0.5094186443849579,0.35206447731677043,0.19687236898012017,0.2269779994207962,0.5146031746031746,0.3653968253968254,0.2019047619047619,0.21777777777777776,Coordinated_WithEmergency,8
72.16610864976879,22.735819532049543,14.581601907871852,41.0,2.8983386852608017,21.0,2.5805027348078227,11.0,2.66524761644425,11.0,512.0,4.325713999424479,0.0,50.0,15.729170135702114,1598,1127,694,760,1454,0.2536507936507936,0.17888888888888888,0.11015873015873016,0.12063492063492064,0.2307936507936508,0.5171890527562041,0.35758328126508854,0.2323390886018114,0.25204911816198083,0.5073015873015873,0.35777777777777775,0.22031746031746033,0.24126984126984127,Coordinated_WithEmergency,9
60.660274470394015,22.812318609826153,10.390973118004538,31.0,3.468122357330701,18.0,2.826526712723675,13.0,2.4442664762163413,13.0,508.57142857142856,4.351039553287686,0.0,54.0,17.25518772172343,1614,1127,749,689,1438,0.2561904761904762,0.17888888888888888,0.11888888888888889,0.10936507936507936,0.22825396825396826,0.5053203299435568,0.3467233971344568,0.2525244232126693,0.22093334709375836,0.5123809523809524,0.35777777777777775,0.23777777777777778,0.21873015873015872,Coordinated_WithEmergency,10
53.51940073314245,23.780331167010154,7.852688518263095,28.0,3.773551471373183,19.0,2.2448026175397375,14.0,3.0436807312517495,14.0,492.57142857142856,4.17788111479149,0.0,54.0,16.600637706222365,1550,1086,652,743,1395,0.24603174603174602,0.17238095238095238,0.1034920634920635,0.11793650793650794,0.22142857142857142,0.4800913372670651,0.35207895583979987,0.20057145234072957,0.2504829272223536,0.49206349206349204,0.34476190476190477,0.206984126984127,0.23587301587301587,Coordinated_WithEmergency,11
61.57232837183083,22.342312247046852,11.684480581921802,34.0,2.299244160131808,15.0,2.5833848480218586,12.0,2.531472789542658,15.0,508.57142857142856,4.183335201297834,0.0,62.0,17.101985985509724,1554,1100,711,713,1424,0.24666666666666667,0.1746031746031746,0.11285714285714285,0.11317460317460318,0.22603174603174603,0.5151581474622122,0.3303296658528959,0.22290718601003515,0.20628107274234048,0.49333333333333335,0.3492063492063492,0.2257142857142857,0.22634920634920636,Coordinated_WithEmergency,12
56.670361390857124,21.53058072194114,10.274871518928403,32.0,3.1034636318413513,17.0,2.7483134694019373,13.0,2.0692530320458333,12.0,500.57142857142856,4.268476299728713,0.0,64.0,11.822967413965394,1596,1119,727,672,1399,0.25333333333333335,0.17761904761904762,0.1153968253968254,0.10666666666666667,0.22206349206349207,0.5166095347279054,0.35342629838875084,0.23987167198460135,0.21560402351871277,0.5066666666666667,0.35523809523809524,0.2307936507936508,0.21333333333333335,Coordinated_WithEmergency,13
80.30143508747972,22.58055564306595,16.650406652105964,74.0,2.905397045544036,21.0,2.634298185208767,16.0,2.4509770198392458,11.0,495.42857142857144,4.236081570017113,0.0,53.0,15.372144714150853,1611,1108,717,695,1412,0.2557142857142857,0.17587301587301588,0.1138095238095238,0.11031746031746031,0.22412698412698412,0.4912860262050877,0.3489198364506674,0.22791655580661066,0.21995752753579464,0.5114285714285715,0.35174603174603175,0.2276190476190476,0.22063492063492063,Coordinated_WithEmergency,14
62.63890469113773,25.089402083738417,10.032240675213204,37.0,4.302965496293702,23.0,3.0602127097694067,17.0,2.430245818073863,13.0,515.4285714285714,4.4472877766135435,0.0,54.0,15.075114986621953,1603,1155,708,669,1377,0.2544444444444444,0.18333333333333332,0.11238095238095239,0.1061904761904762,0.21857142857142858,0.5000473907154588,0.3653180673523246,0.23758519404806344,0.2145221042568443,0.5088888888888888,0.36666666666666664,0.22476190476190477,0.2123809523809524,Coordinated_WithEmergency,15
59.131508987560814,22.977715760332188,11.096086069645931,44.0,2.571201060166966,18.0,2.698626502698933,16.0,2.5093219006958773,11.0,499.42857142857144,4.2302629224185955,0.0,48.0,17.39703738010592,1580,1102,681,737,1418,0.2507936507936508,0.17492063492063492,0.10809523809523809,0.11698412698412698,0.22507936507936507,0.4832423584909703,0.36221545816472767,0.23191673755614114,0.22538446544287694,0.5015873015873016,0.34984126984126984,0.21619047619047618,0.23396825396825396,Coordinated_WithEmergency,16
68.81294270676455,22.027926607033987,13.450014834012663,43.0,2.518262821518849,17.0,2.1248212191714035,14.0,2.6213023369121697,13.0,495.42857142857144,4.143592342635119,0.0,58.0,13.756998337483575,1598,1080,669,687,1356,0.2536507936507936,0.17142857142857143,0.1061904761904762,0.10904761904761905,0.21523809523809523,0.49644943311622625,0.3503200157868687,0.20176221816022888,0.2091577887817758,0.5073015873015873,0.34285714285714286,0.2123809523809524,0.2180952380952381,Coordinated_WithEmergency,17
72.61313273574417,22.100338852803773,13.778100085196982,42.0,3.5342526778695635,17.0,2.520643274818691,14.0,2.5943176573632556,13.0,508.57142857142856,4.261646724660787,0.0,53.0,17.57133322775763,1580,1113,736,719,1455,0.2507936507936508,0.17666666666666667,0.11682539682539683,0.11412698412698413,0.23095238095238096,0.5063171095504979,0.36885199142361225,0.22920525179325194,0.2305737068175906,0.5015873015873016,0.35333333333333333,0.23365079365079366,0.22825396825396826,Coordinated_WithEmergency,18
54.03936117218108,21.944510650647125,8.897774475778474,30.0,3.431938879189377,21.0,2.636932970952841,18.0,2.3001865816480747,14.0,510.85714285714283,4.274550371467064,0.0,57.0,14.972781617648732,1571,1117,722,691,1413,0.24936507936507937,0.1773015873015873,0.11460317460317461,0.10968253968253969,0.22428571428571428,0.4912485410189875,0.35421611136025755,0.23181907864703485,0.2130238805916626,0.49873015873015875,0.3546031746031746,0.22920634920634922,0.21936507936507937,Coordinated_WithEmergency,19
62.28394920672938,21.735326961492518,11.23840200913553,43.0,3.2645954728373043,22.0,2.573946891847294,13.0,2.3019140663827127,11.0,509.14285714285717,4.338179599536213,0.0,47.0,17.73642259770981,1615,1127,728,690,1418,0.2563492063492063,0.17888888888888888,0.11555555555555555,0.10952380952380952,0.22507936507936507,0.5025703697748584,0.3576989871876987,0.21747590898712388,0.21098723608827463,0.5126984126984127,0.35777777777777775,0.2311111111111111,0.21904761904761905,Coordinated_WithEmergency,20
